point_id,point_type,prod_id,food_choice,profit_day,shared_throughput,upfront_cost,cost_recoup_days,profit_index
electricityGenerator05,windTurbine,electriccharge,,67630.0,1,750000.0,11.089753068165,6098.42253333333
electricityGenerator04,windTurbine,electriccharge,,13890.0,1,155000.0,11.1591072714183,1244.72322580645
bga1mw_mixers,planET,biogas,,36489.384,0,1500000.0,41.1078465999865,887.650096466304
electricityGenerator02,solarPanel,electriccharge,,8918.0,1,93500.0,10.484413545638,850.595978609626
cannedPackagedFactoryUS,mapUS,preservedFoodRiceBoxes,,16716.0,0,330000.0,19.7415649676956,846.741381818182
preservedFoodFactoryPlaceable,mapEU,preservedFoodRiceBoxes,,16716.0,0,330000.0,19.7415649676956,846.741381818182
greenHousesTarpLarge,greenhouses,lettuce,,3989.28,1,36000.0,9.02418481530502,442.0654144
greenHouseGlassLarge,greenhouses,lettuce,,3989.28,1,54000.0,13.5362772229575,294.710276266667
greenHousesTarpMedium,greenhouses,lettuce,,1993.44,1,18000.0,9.02961714423308,220.7668352
greenHouseGlassMedium,greenhouses,lettuce,,1993.44,1,27000.0,13.5444257163496,147.177890133333
sawmillPlaceable,productionPointsGeneric,woodBeam,,4394.88,0,150000.0,34.130624726955,128.766468096
bga500kw,planET,biogas,,12232.968,0,1180000.0,96.4606463451879,126.818225499173
greenHousesTarpLarge,greenhouses,tomato,,2109.6,1,36000.0,17.0648464163823,123.62256
cowBarnBig,animal,COW_WATERBUFFALO,FORAGE,9056.28,,697100.0,76.9742101613466,117.653431987376
greenHousesTarpSmall,greenhouses,lettuce,,995.52,1,9000.0,9.04050144648023,110.1177856
cowBarnBig,animal,COW_HOLSTEIN,FORAGE,8739.48,,697100.0,79.7644711126978,109.566074695739
cowBarnBig,animal,COW_SWISS_BROWN,FORAGE,8739.48,,697100.0,79.7644711126978,109.566074695739
greenHousesTarpLarge,greenhouses,garlic,,1941.6,1,36000.0,18.5414091470952,104.71696
cooperUS,mapUS,bathtubBoards,,5604.0,1,300000.0,53.5331905781585,104.68272
bga1mw_mixers,planET,biogasLiquidManure,,12491.616,0,1500000.0,120.080540420071,104.026980194304
bga1mw_mixers,planET,biogasManure,,12491.616,0,1500000.0,120.080540420071,104.026980194304
greenHousesTarpLarge,greenhouses,chilli,,1898.4,1,36000.0,18.9633375474083,100.10896
greenHousesTarpLarge,greenhouses,strawberry,,1898.4,1,36000.0,18.9633375474083,100.10896
sheepBarnBig,animal,GOAT,GRASS_WINDROW,4491.0,,202400.0,45.0679136049878,99.6496096837945
sheepBarnBig,animal,GOAT,DRYGRASS_WINDROW,4453.6,,202400.0,45.4463804562601,97.9968031620553
greenHousesTarpLarge,greenhouses,springOnion,,1812.0,1,36000.0,19.8675496688742,91.204
greenHouseMushroomsLarge,greenhouses,oyster,,1741.44,1,36000.0,20.6725468577729,84.2392576
electricityGenerator03,windTurbine,electriccharge,,979.0,1,11400.0,11.6445352400409,84.0737719298246
cowBarnBigVector,animal,COW_WATERBUFFALO,FORAGE,8616.24,,896300.0,104.024493282453,82.8289542983376
greenHouseGlassLarge,greenhouses,tomato,,2109.6,1,54000.0,25.5972696245734,82.41504
greenHouseMushroomsLarge,greenhouses,enoki,,1711.2,1,36000.0,21.0378681626928,81.33904
cowBarnBigVector,animal,COW_HOLSTEIN,FORAGE,8309.34,,896300.0,107.866569426693,77.0335057855629
cowBarnBigVector,animal,COW_SWISS_BROWN,FORAGE,8309.34,,896300.0,107.866569426693,77.0335057855629
cannedPackagedFactory,productionPointsSmall,preservedFoodRiceBoxes,,1628.4,0,36000.0,22.1075902726603,73.65796
greenHouseGlassSmall,greenhouses,lettuce,,995.52,1,13500.0,13.5607521697203,73.4118570666667
cowBarnBig,animal,COW_WATERBUFFALO,DRYGRASS_WINDROW,6977.4,,697100.0,99.9082752887895,69.8380587577105
greenHouseGlassLarge,greenhouses,garlic,,1941.6,1,54000.0,27.8121137206428,69.8113066666667
cooperUS,mapUS,bathtubPlanks,,4542.9,1,300000.0,66.0371128574259,68.7931346999999
greenHouseGlassLarge,greenhouses,chilli,,1898.4,1,54000.0,28.4450063211125,66.7393066666667
greenHouseGlassLarge,greenhouses,strawberry,,1898.4,1,54000.0,28.4450063211125,66.7393066666667
cowBarnBig,animal,COW_HOLSTEIN,DRYGRASS_WINDROW,6723.96,,697100.0,103.674025425493,64.8567466383589
cowBarnBig,animal,COW_SWISS_BROWN,DRYGRASS_WINDROW,6723.96,,697100.0,103.674025425493,64.8567466383589
greenHousesTarpMedium,greenhouses,tomato,,1053.6,1,18000.0,17.0842824601367,61.67072
sheepBarnBig,animal,SHEEP_BLACK_WELSH,GRASS_WINDROW,3532.2,,202400.0,57.3013985618028,61.6424745059288
sheepBarnBig,animal,SHEEP_LANDRACE,GRASS_WINDROW,3532.2,,202400.0,57.3013985618028,61.6424745059288
sheepBarnBig,animal,SHEEP_STEINSCHAF,GRASS_WINDROW,3532.2,,202400.0,57.3013985618028,61.6424745059288
sheepBarnBig,animal,SHEEP_SWISS_MOUNTAIN,GRASS_WINDROW,3532.2,,202400.0,57.3013985618028,61.6424745059288
greenHouseGlassLarge,greenhouses,springOnion,,1812.0,1,54000.0,29.8013245033113,60.8026666666667
cowBarnMedium,animal,COW_WATERBUFFALO,FORAGE,4659.0,,359000.0,77.0551620519425,60.4631782729805
sheepBarnBig,animal,SHEEP_BLACK_WELSH,DRYGRASS_WINDROW,3494.8,,202400.0,57.9146160009157,60.3440071146245
sheepBarnBig,animal,SHEEP_LANDRACE,DRYGRASS_WINDROW,3494.8,,202400.0,57.9146160009157,60.3440071146245
sheepBarnBig,animal,SHEEP_STEINSCHAF,DRYGRASS_WINDROW,3494.8,,202400.0,57.9146160009157,60.3440071146245
sheepBarnBig,animal,SHEEP_SWISS_MOUNTAIN,DRYGRASS_WINDROW,3494.8,,202400.0,57.9146160009157,60.3440071146245
cowBarnMedium,animal,COW_HOLSTEIN,FORAGE,4494.0,,359000.0,79.884290164664,56.2563676880223
cowBarnMedium,animal,COW_SWISS_BROWN,FORAGE,4494.0,,359000.0,79.884290164664,56.2563676880223
greenHousesTarpLarge,greenhouses,napaCabbage,,1408.8,1,36000.0,25.5536626916525,55.13104
electricityGenerator01,solarPanel,electriccharge,,643.0,1,7800.0,12.1306376360809,53.006282051282
greenHousesTarpMedium,greenhouses,garlic,,969.6,1,18000.0,18.5643564356436,52.22912
cannedPackagedFactoryUS,mapUS,preservedFoodFermentedNapaCabbage,,4104.0,0,330000.0,80.4093567251462,51.0388363636364
preservedFoodFactoryPlaceable,mapEU,preservedFoodFermentedNapaCabbage,,4104.0,0,330000.0,80.4093567251462,51.0388363636364
sawmill,productionPointsGeneric,woodBeam,,3909.504,0,300000.0,76.736077006188,50.94740508672
greenHousesTarpMedium,greenhouses,chilli,,948.0,1,18000.0,18.9873417721519,49.928
greenHousesTarpMedium,greenhouses,strawberry,,948.0,1,18000.0,18.9873417721519,49.928
cowBarnBigVector,animal,COW_WATERBUFFALO,DRYGRASS_WINDROW,6602.325,,896300.0,135.755207445862,48.634045973028
sawmill,productionPointsGeneric,planks,,3700.2,0,300000.0,81.0766985568348,45.6382668
greenHousesTarpMedium,greenhouses,springOnion,,904.8,1,18000.0,19.893899204244,45.48128
sawmill,productionPointsGeneric,boards,,3681.6,0,300000.0,81.4863102998696,45.1805952
cowBarnBigVector,animal,COW_HOLSTEIN,DRYGRASS_WINDROW,6356.805,,896300.0,140.998504751994,45.0842015039886
cowBarnBigVector,animal,COW_SWISS_BROWN,DRYGRASS_WINDROW,6356.805,,896300.0,140.998504751994,45.0842015039886
paperFactory,productionPointsGeneric,cartonRoll,,4764.0,1,525000.0,110.201511335013,43.2298971428571
paperFactory,productionPointsGeneric,paperRoll,,4752.0,1,525000.0,110.479797979798,43.0123885714286
greenHouseMushroomsMedium,greenhouses,oyster,,869.52,1,18000.0,20.7010764559757,42.0036128
greenHouseGlassMedium,greenhouses,tomato,,1053.6,1,27000.0,25.626423690205,41.1138133333333
greenHouseMushroomsMedium,greenhouses,enoki,,854.4,1,18000.0,21.0674157303371,40.55552
cannedPackagedFactoryUS,mapUS,riceRollsRice,,3648.0,0,330000.0,90.4605263157895,40.3269818181818
preservedFoodFactoryPlaceable,mapEU,riceRollsRice,,3648.0,0,330000.0,90.4605263157895,40.3269818181818
bga250kw,planET,biogas,,5919.84,0,875000.0,147.808048866186,40.0508635721143
sheepBarnSmall,animal,GOAT,GRASS_WINDROW,1271.75,,43450.0,34.1655199528209,37.2232005178366
greenHouseGlassLarge,greenhouses,napaCabbage,,1408.8,1,54000.0,38.3304940374787,36.7540266666667
sheepBarnSmall,animal,GOAT,DRYGRASS_WINDROW,1261.3,,43450.0,34.4485847934671,36.6139859608746
cowBarnMedium,animal,COW_WATERBUFFALO,DRYGRASS_WINDROW,3576.25,,359000.0,100.384480950717,35.6255266364902
cannedPackagedFactoryUS,mapUS,riceRollsRiceLongGrain,,3408.0,0,330000.0,96.8309859154929,35.1953454545455
preservedFoodFactoryPlaceable,mapEU,riceRollsRiceLongGrain,,3408.0,0,330000.0,96.8309859154929,35.1953454545455
greenHouseGlassMedium,greenhouses,garlic,,969.6,1,27000.0,27.8465346534653,34.8194133333333
soupFactoryPlaceable,mapEU,soupCansPotato,,3735.6,1,405000.0,108.416318663668,34.4560675555556
soupFactoryPlaceable,mapEU,soupCansBeetroot,,3735.6,1,405000.0,108.416318663669,34.4560675555555
soupFactoryPlaceable,mapEU,soupCansCarrots,,3735.6,1,405000.0,108.416318663669,34.4560675555555
cooperUS,mapUS,barrelBoards,,3207.36,1,300000.0,93.5348697994612,34.290527232
soupFactoryPlaceable,mapEU,soupCansParsnip,,3724.8,1,405000.0,108.730670103093,34.2571235555556
soupFactoryPlaceable,mapEU,soupCansMixed,,3720.0,1,405000.0,108.870967741935,34.1688888888889
cerealFactory,productionPointsGeneric,cereal_rice,,2841.6,1,240000.0,84.4594594594595,33.644544
cooperUS,mapUS,barrelPlanks,,3173.52,1,300000.0,94.5322544052031,33.570763968
greenHouseGlassMedium,greenhouses,chilli,,948.0,1,27000.0,28.4810126582279,33.2853333333333
greenHouseGlassMedium,greenhouses,strawberry,,948.0,1,27000.0,28.4810126582279,33.2853333333333
cowBarnMedium,animal,COW_HOLSTEIN,DRYGRASS_WINDROW,3444.25,,359000.0,104.231690498657,33.0441728760446
cowBarnMedium,animal,COW_SWISS_BROWN,DRYGRASS_WINDROW,3444.25,,359000.0,104.231690498657,33.0441728760446
cowBarnBig,animal,COW_WATERBUFFALO,SILAGE,4793.4,,697100.0,145.429131722786,32.9603838186774
cementFactoryUS,mapUS,cementBrick,,3492.0,1,370000.0,105.956471935853,32.9569297297297
cooperUS,mapUS,bucketBoards,,3116.64,1,300000.0,96.2575080856307,32.378149632
cooperUS,mapUS,bucketPlanks,,3088.32,1,300000.0,97.1401927261424,31.792401408
cerealFactory,productionPointsGeneric,cereal_riceLongGrain,,2755.2,1,240000.0,87.1080139372822,31.629696
cementFactoryUS,mapUS,roofPlate,,3420.0,1,370000.0,108.187134502924,31.6118918918919
grainMill,productionPointsGeneric,flourSorghum,,3000.0,0,288000.0,96.0000000000001,31.25
cerealFactory,productionPointsGeneric,cereal_raisins,,2735.52,1,240000.0,87.7346902965433,31.17945696
cerealFactory,productionPointsGeneric,cereal_chocolate,,2724.288,1,240000.0,88.0964127140743,30.9239379456
sheepBarnMedium,animal,GOAT,GRASS_WINDROW,1674.5,,91300.0,54.5237384293819,30.7113937568456
greenHousesTarpSmall,greenhouses,tomato,,525.6,1,9000.0,17.1232876712329,30.69504
potatoProcessingPlantPlaceable,mapEU,potatoChips_canolaOil,,3312.0,1,360000.0,108.695652173913,30.4704
greenHouseGlassMedium,greenhouses,springOnion,,904.8,1,27000.0,29.840848806366,30.3208533333333
sheepBarnMedium,animal,GOAT,DRYGRASS_WINDROW,1660.2,,91300.0,54.9933742922539,30.189091347207
sheepGoatBarn,animal,GOAT,GRASS_WINDROW,1624.5,,88300.0,54.3551862111419,29.8867525481314
cementFactoryUS,mapUS,cementBags,,3312.0,1,370000.0,111.714975845411,29.6468756756757
cowBarnBig,animal,COW_HOLSTEIN,SILAGE,4539.96,,697100.0,153.547608348972,29.5671163414144
cowBarnBig,animal,COW_SWISS_BROWN,SILAGE,4539.96,,697100.0,153.547608348972,29.5671163414144
sheepGoatBarn,animal,GOAT,DRYGRASS_WINDROW,1610.2,,88300.0,54.8379083343684,29.3628996602492
potatoProcessingPlantPlaceable,mapEU,potatoChips_sunflowerOil,,3216.0,1,360000.0,111.940298507463,28.7296
cannedPackagedFactoryUS,mapUS,preservedFoodSpinachBags,,3042.0,0,330000.0,108.481262327416,28.0417090909091
preservedFoodFactoryPlaceable,mapEU,preservedFoodSpinachBags,,3042.0,0,330000.0,108.481262327416,28.0417090909091
cannedPackagedFactoryUS,mapUS,preservedFoodjarredGreenbean,,3040.8,0,330000.0,108.52407261247,28.0195898181818
preservedFoodFactoryPlaceable,mapEU,preservedFoodjarredGreenbean,,3040.8,0,330000.0,108.52407261247,28.0195898181818
cannedPackagedFactoryUS,mapUS,noodleSoupFlour,,3036.0,0,330000.0,108.695652173913,27.9312
preservedFoodFactoryPlaceable,mapEU,noodleSoupFlour,,3036.0,0,330000.0,108.695652173913,27.9312
cannedPackagedFactoryUS,mapUS,preservedFoodCannedPea,,3028.8,0,330000.0,108.954041204437,27.7988770909091
preservedFoodFactoryPlaceable,mapEU,preservedFoodCannedPea,,3028.8,0,330000.0,108.954041204437,27.7988770909091
cannedPackagedFactoryUS,mapUS,preservedFoodBeetRoot,,3024.0,0,330000.0,109.126984126984,27.7108363636364
preservedFoodFactoryPlaceable,mapEU,preservedFoodBeetRoot,,3024.0,0,330000.0,109.126984126984,27.7108363636364
grainMill,productionPointsGeneric,flourOat,,2820.0,0,288000.0,102.127659574468,27.6125
greenHousesTarpMedium,greenhouses,napaCabbage,,703.2,1,18000.0,25.5972696245734,27.47168
cannedPackagedFactoryUS,mapUS,preservedFoodParsnip,,3002.4,0,330000.0,109.912070343725,27.3163810909091
preservedFoodFactoryPlaceable,mapEU,preservedFoodParsnip,,3002.4,0,330000.0,109.912070343725,27.3163810909091
cannedPackagedFactoryUS,mapUS,preservedFoodCarrots,,3000.0,0,330000.0,110.0,27.2727272727273
preservedFoodFactoryPlaceable,mapEU,preservedFoodCarrots,,3000.0,0,330000.0,110.0,27.2727272727273
cannedPackagedFactoryUS,mapUS,noodleSoupRiceFlour,,2995.2,0,330000.0,110.176282051282,27.1855243636364
preservedFoodFactoryPlaceable,mapEU,noodleSoupRiceFlour,,2995.2,0,330000.0,110.176282051282,27.1855243636364
potatoProcessingPlantPlaceable,mapEU,potatoChips_oliveOil,,3081.6,1,360000.0,116.822429906542,26.378496
grainMill,productionPointsGeneric,flourBarley,,2755.2,0,288000.0,104.529616724739,26.35808
grainMill,productionPointsGeneric,flourRiceLongGrain,,2745.6,0,288000.0,104.895104895105,26.17472
greenHousesTarpSmall,greenhouses,garlic,,483.6,1,9000.0,18.6104218362283,25.98544
sawmill,productionPointsGeneric,prefabWall,,2740.8,0,300000.0,109.457092819615,25.0399488
grainMill,productionPointsGeneric,flourWheat,,2685.0,0,288000.0,107.262569832402,25.03203125
grainMill,productionPointsGeneric,flourRice,,2676.0,0,288000.0,107.62331838565,24.8645
greenHousesTarpSmall,greenhouses,chilli,,472.8,1,9000.0,19.0355329949239,24.83776
greenHousesTarpSmall,greenhouses,strawberry,,472.8,1,9000.0,19.0355329949239,24.83776
ropeMakerUS,mapUS,ropePalletCotton,,2714.4,1,300000.0,110.5216622458,24.5598912
carpentry,productionPointsGeneric,furnitureWood,,2706.0,1,300000.0,110.864745011086,24.40812
carpentry,productionPointsGeneric,furnitureBoards,,2673.6,1,300000.0,112.208258527828,23.8271232
sheepBarnSmall,animal,SHEEP_BLACK_WELSH,GRASS_WINDROW,1003.85,,43450.0,43.2833590675898,23.1925160529344
sheepBarnSmall,animal,SHEEP_LANDRACE,GRASS_WINDROW,1003.85,,43450.0,43.2833590675898,23.1925160529344
sheepBarnSmall,animal,SHEEP_STEINSCHAF,GRASS_WINDROW,1003.85,,43450.0,43.2833590675898,23.1925160529344
sheepBarnSmall,animal,SHEEP_SWISS_MOUNTAIN,GRASS_WINDROW,1003.85,,43450.0,43.2833590675898,23.1925160529344
sawmillPlaceable,productionPointsGeneric,planks,,1849.392,0,150000.0,81.1077370292507,22.80167179776
dairy,productionPointsGeneric,milkBottled,,2184.0,1,210000.0,96.1538461538461,22.7136
sheepBarnSmall,animal,SHEEP_BLACK_WELSH,DRYGRASS_WINDROW,993.4,,43450.0,43.7386752566942,22.7121647871116
sheepBarnSmall,animal,SHEEP_LANDRACE,DRYGRASS_WINDROW,993.4,,43450.0,43.7386752566942,22.7121647871116
sheepBarnSmall,animal,SHEEP_STEINSCHAF,DRYGRASS_WINDROW,993.4,,43450.0,43.7386752566942,22.7121647871116
sheepBarnSmall,animal,SHEEP_SWISS_MOUNTAIN,DRYGRASS_WINDROW,993.4,,43450.0,43.7386752566942,22.7121647871116
greenHousesTarpSmall,greenhouses,springOnion,,451.2,1,9000.0,19.9468085106383,22.62016
bga500kw,planET,biogasLiquidManure,,5162.4,0,1180000.0,228.575856190919,22.5850625084746
bga500kw,planET,biogasManure,,5162.4,0,1180000.0,228.575856190919,22.5850625084746
cowBarnBigVector,animal,COW_WATERBUFFALO,SILAGE,4486.575,,896300.0,199.773769523523,22.4582787354959
carpentry,productionPointsGeneric,furniturePlanks,,2579.04,1,300000.0,116.322352503257,22.171491072
sawmillPlaceable,productionPointsGeneric,boards,,1816.8,0,150000.0,82.5627476882431,22.0050816
greenHouseMushroomsSmall,greenhouses,oyster,,433.56,1,9000.0,20.7583725435926,20.8860304
sugarMill,productionPointsGeneric,sugarbeetCut_sugar,,2221.2,0,240000.0,108.049702863317,20.557206
greenHouseGlassSmall,greenhouses,tomato,,525.6,1,13500.0,25.6849315068493,20.46336
greenHouseMushroomsSmall,greenhouses,enoki,,426.0,1,9000.0,21.1267605633803,20.164
cowBarnBigVector,animal,COW_HOLSTEIN,SILAGE,4241.055,,896300.0,211.338923923411,20.0675527312563
cowBarnBigVector,animal,COW_SWISS_BROWN,SILAGE,4241.055,,896300.0,211.338923923411,20.0675527312563
sugarMill,productionPointsGeneric,sugarbeet_sugar,,2182.32,0,240000.0,109.974705817662,19.84383576
grapeProcessingUnit,productionPointsGeneric,raisins,,2178.72,1,240000.0,110.15642211941,19.77842016
oilMill,productionPointsGeneric,olive_oil,,2178.0,1,240000.0,110.192837465565,19.76535
sugarMill,productionPointsGeneric,sugarcane_sugar,,2175.12,0,240000.0,110.33873993159,19.71311256
tailorShop,productionPointsGeneric,clothes,,2160.0,1,240000.0,111.111111111111,19.44
oilMill,productionPointsGeneric,rice_oil_rice,,2148.0,1,240000.0,111.731843575419,19.2246
dairy,productionPointsGeneric,chocolate,,1992.0,1,210000.0,105.421686746988,18.8955428571429
oilMill,productionPointsGeneric,rice_oil_longGrainRice,,2124.0,1,240000.0,112.994350282486,18.7974
sheepBarnMedium,animal,SHEEP_BLACK_WELSH,GRASS_WINDROW,1307.9,,91300.0,69.8065601345669,18.7360614457831
sheepBarnMedium,animal,SHEEP_LANDRACE,GRASS_WINDROW,1307.9,,91300.0,69.8065601345669,18.7360614457831
sheepBarnMedium,animal,SHEEP_STEINSCHAF,GRASS_WINDROW,1307.9,,91300.0,69.8065601345669,18.7360614457831
sheepBarnMedium,animal,SHEEP_SWISS_MOUNTAIN,GRASS_WINDROW,1307.9,,91300.0,69.8065601345669,18.7360614457831
chickenBarnBig,animal,CHICKEN,BARLEY,1352.6,,98800.0,73.0445068756469,18.5174773279352
dairy,productionPointsGeneric,buffalomozzarella,,1968.0,1,210000.0,106.707317073171,18.4429714285714
sheepBarnMedium,animal,SHEEP_BLACK_WELSH,DRYGRASS_WINDROW,1293.6,,91300.0,70.578231292517,18.3285975903614
sheepBarnMedium,animal,SHEEP_LANDRACE,DRYGRASS_WINDROW,1293.6,,91300.0,70.578231292517,18.3285975903614
sheepBarnMedium,animal,SHEEP_STEINSCHAF,DRYGRASS_WINDROW,1293.6,,91300.0,70.578231292517,18.3285975903614
sheepBarnMedium,animal,SHEEP_SWISS_MOUNTAIN,DRYGRASS_WINDROW,1293.6,,91300.0,70.578231292517,18.3285975903614
greenHouseGlassMedium,greenhouses,napaCabbage,,703.2,1,27000.0,38.3959044368601,18.3144533333333
dairy,productionPointsGeneric,cheese,,1956.0,1,210000.0,107.361963190184,18.2187428571429
dairy,productionPointsGeneric,butter_goatMilk,,1942.56,1,210000.0,108.104768964665,17.9692350171429
sheepGoatBarn,animal,SHEEP_BLACK_WELSH,GRASS_WINDROW,1257.9,,88300.0,70.1963590110502,17.9197328425821
sheepGoatBarn,animal,SHEEP_LANDRACE,GRASS_WINDROW,1257.9,,88300.0,70.1963590110502,17.9197328425821
sheepGoatBarn,animal,SHEEP_STEINSCHAF,GRASS_WINDROW,1257.9,,88300.0,70.1963590110502,17.9197328425821
sheepGoatBarn,animal,SHEEP_SWISS_MOUNTAIN,GRASS_WINDROW,1257.9,,88300.0,70.1963590110502,17.9197328425821
dairy,productionPointsGeneric,buffalomilkBottled,,1939.2,1,210000.0,108.292079207921,17.9071268571429
dairy,productionPointsGeneric,butter_milk,,1924.8,1,210000.0,109.102244389027,17.6421668571429
dairy,productionPointsGeneric,goatcheese,,1920.0,1,210000.0,109.375,17.5542857142857
dairy,productionPointsGeneric,goatmilkBottled,,1920.0,1,210000.0,109.375,17.5542857142857
sheepGoatBarn,animal,SHEEP_BLACK_WELSH,DRYGRASS_WINDROW,1243.6,,88300.0,71.0035381151496,17.5146201585504
sheepGoatBarn,animal,SHEEP_LANDRACE,DRYGRASS_WINDROW,1243.6,,88300.0,71.0035381151496,17.5146201585504
sheepGoatBarn,animal,SHEEP_STEINSCHAF,DRYGRASS_WINDROW,1243.6,,88300.0,71.0035381151496,17.5146201585504
sheepGoatBarn,animal,SHEEP_SWISS_MOUNTAIN,DRYGRASS_WINDROW,1243.6,,88300.0,71.0035381151496,17.5146201585504
dairy,productionPointsGeneric,butter_buffaloMilk,,1914.72,1,210000.0,109.676610679368,17.4578698971429
chickenBarnBig,animal,CHICKEN,WHEAT,1309.4,,98800.0,75.454406598442,17.3535259109312
greenHouseGlassSmall,greenhouses,garlic,,483.6,1,13500.0,27.9156327543424,17.3236266666667
oilMill,productionPointsGeneric,canola_oil,,2023.2,1,240000.0,118.623962040332,17.055576
oilMill,productionPointsGeneric,sunflower_oil,,2023.2,1,240000.0,118.623962040332,17.055576
cowBarnMedium,animal,COW_WATERBUFFALO,SILAGE,2438.75,,359000.0,147.206560738083,16.5668567200557
greenHouseGlassSmall,greenhouses,chilli,,472.8,1,13500.0,28.5532994923858,16.5585066666667
greenHouseGlassSmall,greenhouses,strawberry,,472.8,1,13500.0,28.5532994923858,16.5585066666667
bakery,productionPointsGeneric,cakeRiceFlour,,1556.64,0,150000.0,96.3613937711995,16.154187264
bakery,productionPointsGeneric,cake,,1553.76,0,150000.0,96.5400061785604,16.094467584
greenHouseGlassSmall,greenhouses,springOnion,,451.2,1,13500.0,29.9202127659574,15.0801066666667
spinnery,productionPointsGeneric,fabric_cotton,,1636.8,1,180000.0,109.970674486804,14.883968
cowBarnMedium,animal,COW_HOLSTEIN,SILAGE,2306.75,,359000.0,155.630215671399,14.8219932103064
cowBarnMedium,animal,COW_SWISS_BROWN,SILAGE,2306.75,,359000.0,155.630215671399,14.8219932103064
spinnery,productionPointsGeneric,fabric_wool,,1579.2,1,180000.0,113.981762917933,13.854848
greenHousesTarpSmall,greenhouses,napaCabbage,,350.4,1,9000.0,25.6849315068493,13.64224
chickenBarnBig,animal,CHICKEN,SORGHUM,1142.0,,98800.0,86.5148861646234,13.20004048583
bakery,productionPointsGeneric,bread,,1398.0,0,150000.0,107.296137339056,13.02936
bga99kw,planET,biogas,,2343.792,0,435000.0,185.5966741076,12.628415952331
cowBarnBig,animal,COW_WATERBUFFALO,GRASS_WINDROW,2618.04,,697100.0,266.267895066538,9.83235323712523
greenHouseGlassSmall,greenhouses,napaCabbage,,350.4,1,13500.0,38.527397260274,9.09482666666666
cowBarnBig,animal,COW_HOLSTEIN,GRASS_WINDROW,2491.32,,697100.0,279.81150554726,8.90356525950366
cowBarnBig,animal,COW_SWISS_BROWN,GRASS_WINDROW,2491.32,,697100.0,279.81150554726,8.90356525950366
greenHousesSaplings,greenhouses,riceSaplings,,157.44,1,3000.0,19.0548780487805,8.2624512
bga250kw,planET,biogasLiquidManure,,2376.0,0,875000.0,368.265993265993,6.45185828571429
bga250kw,planET,biogasManure,,2376.0,0,875000.0,368.265993265993,6.45185828571429
cowBarnBigVector,animal,COW_WATERBUFFALO,GRASS_WINDROW,2379.195,,896300.0,376.724060028707,6.31548460116591
cowBarnBigVector,animal,COW_HOLSTEIN,GRASS_WINDROW,2256.435,,896300.0,397.219507763352,5.68057448312507
cowBarnBigVector,animal,COW_SWISS_BROWN,GRASS_WINDROW,2256.435,,896300.0,397.219507763352,5.68057448312507
cowBarnMedium,animal,COW_WATERBUFFALO,GRASS_WINDROW,1305.75,,359000.0,274.937775224967,4.74925644150418
cowBarnMedium,animal,COW_HOLSTEIN,GRASS_WINDROW,1239.75,,359000.0,289.574510990119,4.28128151114206
cowBarnMedium,animal,COW_SWISS_BROWN,GRASS_WINDROW,1239.75,,359000.0,289.574510990119,4.28128151114206
chickenBarnSmall,animal,CHICKEN,BARLEY,115.085,,4155.0,36.1037494026154,3.18761906738869
chickenBarnSmall,animal,CHICKEN,WHEAT,111.365,,4155.0,37.309747227585,2.98487682912154
cannedPackagedFactory,productionPointsSmall,preservedFoodFermentedNapaCabbage,,302.4,0,36000.0,119.047619047619,2.54016
chickenBarnSmall,animal,CHICKEN,SORGHUM,96.95,,4155.0,42.8571428571428,2.26216666666667
grainFlourMill,productionPointsSmall,flourSorghum,,278.4,0,36000.0,129.310344827586,2.15296
cannedPackagedFactory,productionPointsSmall,noodleSoupRiceFlour,,277.92,0,36000.0,129.533678756477,2.1455424
bga99kw,planET,biogasLiquidManure,,942.96,0,435000.0,461.313311275134,2.04407715310345
bga99kw,planET,biogasManure,,942.96,0,435000.0,461.313311275134,2.04407715310345
chickenCoop03,animal,CHICKEN,BARLEY,111.05,,6050.0,54.4799639801891,2.03836404958678
chickenCoop03,animal,CHICKEN,WHEAT,107.45,,6050.0,56.3052582596556,1.90834752066116
cannedPackagedFactory,productionPointsSmall,preservedFoodSpinachBags,,261.0,0,36000.0,137.931034482759,1.89225
cannedPackagedFactory,productionPointsSmall,preservedFoodjarredGreenbean,,260.88,0,36000.0,137.994480220791,1.8905104
cannedPackagedFactory,productionPointsSmall,noodleSoupFlour,,260.4,0,36000.0,138.248847926267,1.88356
grainFlourMill,productionPointsSmall,flourOat,,260.4,0,36000.0,138.248847926267,1.88356
cannedPackagedFactory,productionPointsSmall,preservedFoodCannedPea,,259.68,0,36000.0,138.632162661737,1.8731584
bakery,productionPointsGeneric,breadRiceFlour,,521.76,0,150000.0,287.488500459982,1.814889984
grainFlourMill,productionPointsSmall,flourBarley,,253.92,0,36000.0,141.776937618147,1.7909824
sawmill,productionPointsSmall,boards,,247.2,0,36000.0,145.631067961165,1.69744
grainFlourMill,productionPointsSmall,flourWheat,,246.9,0,36000.0,145.808019441069,1.6933225
grainFlourMill,productionPointsSmall,flourRice,,246.0,0,36000.0,146.341463414634,1.681
cannedPackagedFactory,productionPointsSmall,riceRollsRiceLongGrain,,232.8,0,36000.0,154.639175257732,1.50544
grainFlourMill,productionPointsSmall,flourRiceLongGrain,,231.36,0,36000.0,155.601659751037,1.4868736
chickenCoop03,animal,CHICKEN,SORGHUM,93.5,,6050.0,64.7058823529412,1.445
sawmill,productionPointsSmall,woodBeam,,225.984,0,36000.0,159.303313508921,1.418576896
sawmill,productionPointsSmall,planks,,225.768,0,36000.0,159.455724460508,1.415866384
cannedPackagedFactory,productionPointsSmall,preservedFoodBeetRoot,,216.0,0,36000.0,166.666666666667,1.296
cannedPackagedFactory,productionPointsSmall,preservedFoodParsnip,,213.84,0,36000.0,168.350168350168,1.2702096
cannedPackagedFactory,productionPointsSmall,preservedFoodCarrots,,213.6,0,36000.0,168.539325842697,1.26736
cannedPackagedFactory,productionPointsSmall,riceRollsRice,,213.6,0,36000.0,168.539325842697,1.26736
bga1mw_mixers,planET,biogasSugarbeetCut,,1361.448,0,1500000.0,1101.76811747492,1.235693771136
carpenter,productionPointsSmall,furnitureWood,,205.8,1,36000.0,174.927113702624,1.17649
carpenter,productionPointsSmall,furnitureBoards,,202.56,1,36000.0,177.725118483412,1.1397376
dairy,productionPointsSmall,milkBottled,,196.8,1,36000.0,182.926829268293,1.07584
carpenter,productionPointsSmall,furniturePlanks,,193.104,1,36000.0,186.428038777032,1.035809856
dairy,productionPointsSmall,chocolate,,177.6,1,36000.0,202.702702702703,0.87616
dairy,productionPointsSmall,cheese,,174.0,1,36000.0,206.896551724138,0.841000000000001
dairy,productionPointsSmall,butter_milk,,170.88,1,36000.0,210.674157303371,0.811110400000001
grapeProcessingPlant,productionPointsSmall,raisins,,163.872,1,36000.0,219.683655536028,0.745945344
oilPlant,productionPointsSmall,olive_oil,,163.8,1,36000.0,219.78021978022,0.74529
chickenCoop02,animal,CHICKEN,BARLEY,70.7,,6800.0,96.1810466760962,0.73507205882353
oilPlant,productionPointsSmall,rice_oil_rice,,160.8,1,36000.0,223.880597014925,0.71824
oilPlant,productionPointsSmall,rice_oil_longGrainRice,,158.4,1,36000.0,227.272727272727,0.69696
sugarMill,productionPointsSmall,sugarbeetCut_sugar,,157.32,0,36000.0,228.83295194508,0.687488399999999
chickenCoop02,animal,CHICKEN,WHEAT,68.3,,6800.0,99.5607613469985,0.686013235294118
chickenCoop01,animal,CHICKEN,BARLEY,70.7,,8000.0,113.154172560113,0.62481125
oilPlant,productionPointsSmall,canola_oil,,148.32,1,36000.0,242.718446601942,0.6110784
oilPlant,productionPointsSmall,sunflower_oil,,148.32,1,36000.0,242.718446601942,0.6110784
chickenCoop01,animal,CHICKEN,WHEAT,68.3,,8000.0,117.130307467057,0.58311125
chickenCoop02,animal,CHICKEN,SORGHUM,59.0,,6800.0,115.254237288136,0.511911764705883
beehive03,beehive,honey,,35.2,0,2700.0,76.7045454545455,0.458903703703704
chickenCoop01,animal,CHICKEN,SORGHUM,59.0,,8000.0,135.593220338983,0.435125
beehiveGeneric02,beehive,honey,,32.0,0,3000.0,93.75,0.341333333333333
sugarMill,productionPointsSmall,sugarbeet_sugar,,110.232,0,36000.0,326.583932070542,0.337530384000001
sugarMill,productionPointsSmall,sugarcane_sugar,,109.512,0,36000.0,328.731097961867,0.333135504
dairy,productionPointsSmall,butter_goatMilk,,107.856,1,36000.0,333.778371161548,0.323136576000001
dairy,productionPointsSmall,goatcheese,,105.6,1,36000.0,340.90909090909,0.309760000000001
dairy,productionPointsSmall,goatmilkBottled,,105.6,1,36000.0,340.909090909091,0.30976
bakery,productionPointsSmall,cakeRiceFlour,,101.664,0,36000.0,354.107648725213,0.287099136
bakery,productionPointsSmall,cake,,101.376,0,36000.0,355.113636363636,0.285474816
beehive02,beehive,honey,,18.0,0,1500.0,83.3333333333333,0.216
bakery,productionPointsSmall,bread,,85.8000000000001,0,36000.0,419.580419580419,0.20449
bga500kw,planET,biogasSugarbeetCut,,366.12,0,1180000.0,3222.98699879821,0.113596486779661
spinnery,productionPointsSmall,fabric_cotton,,55.6799999999998,1,36000.0,646.551724137933,0.0861183999999995
beehive01,beehive,honey,,6.0,0,500.0,83.3333333333333,0.072
spinnery,productionPointsSmall,fabric_wool,,49.92,1,36000.0,721.153846153846,0.0692224000000001
beehiveGeneric01,beehive,honey,,3.0,0,250.0,83.3333333333333,0.036
dairy,productionPointsSmall,buffalomozzarella,,24.0,1,36000.0,1500.0,0.016
dairy,productionPointsSmall,buffalomilkBottled,,21.1200000000001,1,36000.0,1704.54545454545,0.0123904000000001
dairy,productionPointsSmall,butter_buffaloMilk,,18.672,1,36000.0,1928.0205655527,0.00968454400000001
bga99kw,planET,biogasSugarbeetCut,,-6.71999999999994,0,435000.0,-64732.1428571434,-0.000103812413793102
bga250kw,planET,biogasSugarbeetCut,,-21.0000000000002,0,875000.0,-41666.6666666662,-0.000504000000000011
bakery,productionPointsSmall,breadRiceFlour,,-12.624,0,36000.0,-2851.71102661597,-0.004426816
grapeProcessingPlant,productionPointsSmall,grapejuice,,-192.624,1,36000.0,-186.892599053077,-1.030666816
ropeMakerUS,mapUS,ropePalletWool,,-900.0,1,300000.0,-333.333333333333,-2.7
horseBarn,animal,HORSE_BAY,"SORGHUM, BEETROOT, DRYGRASS_WINDROW",-811.67,,203900.0,-251.210467308142,-3.23103574742521
horseBarn,animal,HORSE_BLACK,"SORGHUM, BEETROOT, DRYGRASS_WINDROW",-811.67,,203900.0,-251.210467308142,-3.23103574742521
horseBarn,animal,HORSE_CHESTNUT,"SORGHUM, BEETROOT, DRYGRASS_WINDROW",-811.67,,203900.0,-251.210467308142,-3.23103574742521
horseBarn,animal,HORSE_DUN,"SORGHUM, BEETROOT, DRYGRASS_WINDROW",-811.67,,203900.0,-251.210467308142,-3.23103574742521
horseBarn,animal,HORSE_GRAY,"SORGHUM, BEETROOT, DRYGRASS_WINDROW",-811.67,,203900.0,-251.210467308142,-3.23103574742521
horseBarn,animal,HORSE_PALOMINO,"SORGHUM, BEETROOT, DRYGRASS_WINDROW",-811.67,,203900.0,-251.210467308142,-3.23103574742521
horseBarn,animal,HORSE_PINTO,"SORGHUM, BEETROOT, DRYGRASS_WINDROW",-811.67,,203900.0,-251.210467308142,-3.23103574742521
horseBarn,animal,HORSE_SEAL_BROWN,"SORGHUM, BEETROOT, DRYGRASS_WINDROW",-811.67,,203900.0,-251.210467308142,-3.23103574742521
cowBarn,animal,COW_WATERBUFFALO,DRYGRASS_WINDROW,-770.125,,166000.0,-215.549423794839,-3.57284647966867
cowBarn,animal,COW_WATERBUFFALO,GRASS_WINDROW,-773.975,,166000.0,-214.477211796247,-3.6086584375
cowBarnMedium,animal,COW_ANGUS,DRYGRASS_WINDROW,-1255.5,,434000.0,-345.679012345679,-3.63198214285714
cowBarnMedium,animal,COW_LIMOUSIN,DRYGRASS_WINDROW,-1255.5,,434000.0,-345.679012345679,-3.63198214285714
cowBarn,animal,COW_WATERBUFFALO,FORAGE,-804.95,,166000.0,-206.223989067644,-3.90328013554217
cowBarnMedium,animal,COW_ANGUS,FORAGE,-1307.75,,434000.0,-331.867711718601,-3.94057618087558
cowBarnMedium,animal,COW_LIMOUSIN,FORAGE,-1307.75,,434000.0,-331.867711718601,-3.94057618087558
cowBarnMedium,animal,COW_ANGUS,GRASS_WINDROW,-1316.0,,434000.0,-329.787234042553,-3.99045161290323
cowBarnMedium,animal,COW_LIMOUSIN,GRASS_WINDROW,-1316.0,,434000.0,-329.787234042553,-3.99045161290323
cowBarn,animal,COW_HOLSTEIN,GRASS_WINDROW,-820.175,,166000.0,-202.395830158198,-4.05233150978916
cowBarn,animal,COW_SWISS_BROWN,GRASS_WINDROW,-820.175,,166000.0,-202.395830158198,-4.05233150978916
cowBarn,animal,COW_HOLSTEIN,DRYGRASS_WINDROW,-862.525,,166000.0,-192.458189617692,-4.48162274472892
cowBarn,animal,COW_SWISS_BROWN,DRYGRASS_WINDROW,-862.525,,166000.0,-192.458189617692,-4.48162274472892
horseBarnMedium,animal,HORSE_BAY,"SORGHUM, BEETROOT, DRYGRASS_WINDROW",-1062.44,,228300.0,-214.882722789052,-4.94427837757337
horseBarnMedium,animal,HORSE_BLACK,"SORGHUM, BEETROOT, DRYGRASS_WINDROW",-1062.44,,228300.0,-214.882722789052,-4.94427837757337
horseBarnMedium,animal,HORSE_CHESTNUT,"SORGHUM, BEETROOT, DRYGRASS_WINDROW",-1062.44,,228300.0,-214.882722789052,-4.94427837757337
horseBarnMedium,animal,HORSE_DUN,"SORGHUM, BEETROOT, DRYGRASS_WINDROW",-1062.44,,228300.0,-214.882722789052,-4.94427837757337
horseBarnMedium,animal,HORSE_GRAY,"SORGHUM, BEETROOT, DRYGRASS_WINDROW",-1062.44,,228300.0,-214.882722789052,-4.94427837757337
horseBarnMedium,animal,HORSE_PALOMINO,"SORGHUM, BEETROOT, DRYGRASS_WINDROW",-1062.44,,228300.0,-214.882722789052,-4.94427837757337
horseBarnMedium,animal,HORSE_PINTO,"SORGHUM, BEETROOT, DRYGRASS_WINDROW",-1062.44,,228300.0,-214.882722789052,-4.94427837757337
horseBarnMedium,animal,HORSE_SEAL_BROWN,"SORGHUM, BEETROOT, DRYGRASS_WINDROW",-1062.44,,228300.0,-214.882722789052,-4.94427837757337
cowBarn,animal,COW_HOLSTEIN,FORAGE,-920.45,,166000.0,-180.346569612689,-5.10378435240964
cowBarn,animal,COW_SWISS_BROWN,FORAGE,-920.45,,166000.0,-180.346569612689,-5.10378435240964
horseBarnBig,animal,HORSE_BAY,"SORGHUM, BEETROOT, DRYGRASS_WINDROW",-1112.44,,234800.0,-211.06756319442,-5.27053983645656
horseBarnBig,animal,HORSE_BLACK,"SORGHUM, BEETROOT, DRYGRASS_WINDROW",-1112.44,,234800.0,-211.06756319442,-5.27053983645656
horseBarnBig,animal,HORSE_CHESTNUT,"SORGHUM, BEETROOT, DRYGRASS_WINDROW",-1112.44,,234800.0,-211.06756319442,-5.27053983645656
horseBarnBig,animal,HORSE_DUN,"SORGHUM, BEETROOT, DRYGRASS_WINDROW",-1112.44,,234800.0,-211.06756319442,-5.27053983645656
horseBarnBig,animal,HORSE_GRAY,"SORGHUM, BEETROOT, DRYGRASS_WINDROW",-1112.44,,234800.0,-211.06756319442,-5.27053983645656
horseBarnBig,animal,HORSE_PALOMINO,"SORGHUM, BEETROOT, DRYGRASS_WINDROW",-1112.44,,234800.0,-211.06756319442,-5.27053983645656
horseBarnBig,animal,HORSE_PINTO,"SORGHUM, BEETROOT, DRYGRASS_WINDROW",-1112.44,,234800.0,-211.06756319442,-5.27053983645656
horseBarnBig,animal,HORSE_SEAL_BROWN,"SORGHUM, BEETROOT, DRYGRASS_WINDROW",-1112.44,,234800.0,-211.06756319442,-5.27053983645656
cowBarnBigVector,animal,COW_ANGUS,DRYGRASS_WINDROW,-2384.73,,1035800.0,-434.346865263573,-5.49038151467465
cowBarnBigVector,animal,COW_LIMOUSIN,DRYGRASS_WINDROW,-2384.73,,1035800.0,-434.346865263573,-5.49038151467465
cowBarn,animal,COW_ANGUS,GRASS_WINDROW,-1139.2,,218500.0,-191.801264044944,-5.93948118993135
cowBarn,animal,COW_LIMOUSIN,GRASS_WINDROW,-1139.2,,218500.0,-191.801264044944,-5.93948118993135
cowBarnBigVector,animal,COW_ANGUS,FORAGE,-2481.915,,1035800.0,-417.339030546977,-5.94699948563912
cowBarnBigVector,animal,COW_LIMOUSIN,FORAGE,-2481.915,,1035800.0,-417.339030546977,-5.94699948563912
cowBarnBigVector,animal,COW_ANGUS,GRASS_WINDROW,-2497.26,,1035800.0,-414.774592953877,-6.0207641509944
cowBarnBigVector,animal,COW_LIMOUSIN,GRASS_WINDROW,-2497.26,,1035800.0,-414.774592953877,-6.0207641509944
cowBarnBig,animal,COW_ANGUS,DRYGRASS_WINDROW,-2299.56,,841100.0,-365.765624728209,-6.28697680846511
cowBarnBig,animal,COW_LIMOUSIN,DRYGRASS_WINDROW,-2299.56,,841100.0,-365.765624728209,-6.28697680846511
cowBarn,animal,COW_ANGUS,DRYGRASS_WINDROW,-1212.35,,218500.0,-180.228481874046,-6.72673923340961
cowBarn,animal,COW_LIMOUSIN,DRYGRASS_WINDROW,-1212.35,,218500.0,-180.228481874046,-6.72673923340961
cowBarnBig,animal,COW_ANGUS,FORAGE,-2399.88,,841100.0,-350.47585712619,-6.84749020853644
cowBarnBig,animal,COW_LIMOUSIN,FORAGE,-2399.88,,841100.0,-350.47585712619,-6.84749020853644
cowBarnBig,animal,COW_ANGUS,GRASS_WINDROW,-2415.72,,841100.0,-348.177768946732,-6.93817990536202
cowBarnBig,animal,COW_LIMOUSIN,GRASS_WINDROW,-2415.72,,841100.0,-348.177768946732,-6.93817990536202
cowBarn,animal,COW_ANGUS,FORAGE,-1306.675,,218500.0,-167.218321311726,-7.81418560926773
cowBarn,animal,COW_LIMOUSIN,FORAGE,-1306.675,,218500.0,-167.218321311726,-7.81418560926773
grapeProcessingUnit,productionPointsGeneric,grapejuice,,-1386.24,1,240000.0,-173.130193905817,-8.00692224000001
pigBarn,animal,PIG_BERKSHIRE,"MAIZE, BEETROOT, BARLEY, CANOLA",-1185.85,,169500.0,-142.935447147616,-8.29640249262537
pigBarn,animal,PIG_BLACK_PIED,"MAIZE, BEETROOT, BARLEY, CANOLA",-1185.85,,169500.0,-142.935447147616,-8.29640249262537
pigBarn,animal,PIG_LANDRACE,"MAIZE, BEETROOT, BARLEY, CANOLA",-1185.85,,169500.0,-142.935447147616,-8.29640249262537
specialCowStable,animal,COW_WATERBUFFALO,DRYGRASS_WINDROW,-1766.925,,353400.0,-200.008489324674,-8.83425001591681
specialCowStable,animal,COW_WATERBUFFALO,GRASS_WINDROW,-1777.815,,353400.0,-198.783337973861,-8.94348096837861
specialCowStable,animal,COW_WATERBUFFALO,FORAGE,-1865.43,,353400.0,-189.446937167302,-9.84671501103565
specialCowStable,animal,COW_HOLSTEIN,GRASS_WINDROW,-1908.495,,353400.0,-185.172085858229,-10.3066020515705
specialCowStable,animal,COW_SWISS_BROWN,GRASS_WINDROW,-1908.495,,353400.0,-185.172085858229,-10.3066020515705
specialCowStable,animal,COW_HOLSTEIN,DRYGRASS_WINDROW,-2028.285,,353400.0,-174.235869219562,-11.6410301109932
specialCowStable,animal,COW_SWISS_BROWN,DRYGRASS_WINDROW,-2028.285,,353400.0,-174.235869219562,-11.6410301109932
specialCowStable,animal,COW_HOLSTEIN,FORAGE,-2192.13,,353400.0,-161.213066743304,-13.5977191196944
specialCowStable,animal,COW_SWISS_BROWN,FORAGE,-2192.13,,353400.0,-161.213066743304,-13.5977191196944
cowBarn,animal,COW_WATERBUFFALO,SILAGE,-1566.375,,166000.0,-105.977176602027,-14.780305064006
specialCowStable,animal,COW_ANGUS,GRASS_WINDROW,-2810.88,,501900.0,-178.556181693989,-15.7422721147639
specialCowStable,animal,COW_LIMOUSIN,GRASS_WINDROW,-2810.88,,501900.0,-178.556181693989,-15.7422721147639
cowBarn,animal,COW_HOLSTEIN,SILAGE,-1658.775,,166000.0,-100.073849678226,-16.5755090399096
cowBarn,animal,COW_SWISS_BROWN,SILAGE,-1658.775,,166000.0,-100.073849678226,-16.5755090399096
specialCowStable,animal,COW_ANGUS,DRYGRASS_WINDROW,-3017.79,,501900.0,-166.313759406718,-18.1451613550508
specialCowStable,animal,COW_LIMOUSIN,DRYGRASS_WINDROW,-3017.79,,501900.0,-166.313759406718,-18.1451613550508
pigBarnMedium,animal,PIG_BERKSHIRE,"MAIZE, BEETROOT, BARLEY, CANOLA",-2437.653,,302950.0,-124.279378566186,-19.6142998792177
pigBarnMedium,animal,PIG_BLACK_PIED,"MAIZE, BEETROOT, BARLEY, CANOLA",-2437.653,,302950.0,-124.279378566186,-19.6142998792177
pigBarnMedium,animal,PIG_LANDRACE,"MAIZE, BEETROOT, BARLEY, CANOLA",-2437.653,,302950.0,-124.279378566186,-19.6142998792177
cowBarnMedium,animal,COW_ANGUS,SILAGE,-3043.0,,434000.0,-142.622412093329,-21.3360576036866
cowBarnMedium,animal,COW_LIMOUSIN,SILAGE,-3043.0,,434000.0,-142.622412093329,-21.3360576036866
specialCowStable,animal,COW_ANGUS,FORAGE,-3284.595,,501900.0,-152.804227005156,-21.4954459335027
specialCowStable,animal,COW_LIMOUSIN,FORAGE,-3284.595,,501900.0,-152.804227005156,-21.4954459335027
cowBarn,animal,COW_ANGUS,SILAGE,-2463.6,,218500.0,-88.6913459977269,-27.7772309382151
cowBarn,animal,COW_LIMOUSIN,SILAGE,-2463.6,,218500.0,-88.6913459977269,-27.7772309382151
cowBarnBigVector,animal,COW_ANGUS,SILAGE,-5709.48,,1035800.0,-181.417572178202,-31.4714827866383
cowBarnBigVector,animal,COW_LIMOUSIN,SILAGE,-5709.48,,1035800.0,-181.417572178202,-31.4714827866383
cannedPackagedFactory,productionPointsSmall,preservedFoodRiceBags,,-1106.88,0,36000.0,-32.5238508239375,-34.0328704
cowBarnBig,animal,COW_ANGUS,SILAGE,-5731.56,,841100.0,-146.748878141379,-39.0569254947093
cowBarnBig,animal,COW_LIMOUSIN,SILAGE,-5731.56,,841100.0,-146.748878141379,-39.0569254947093
specialCowStable,animal,COW_WATERBUFFALO,SILAGE,-4019.175,,353400.0,-87.928492787699,-45.7095859666808
specialCowStable,animal,COW_HOLSTEIN,SILAGE,-4280.535,,353400.0,-82.5597734862582,-51.8477076576825
specialCowStable,animal,COW_SWISS_BROWN,SILAGE,-4280.535,,353400.0,-82.5597734862582,-51.8477076576825
pigBarnBig,animal,PIG_BERKSHIRE,"MAIZE, BEETROOT, BARLEY, CANOLA",-6009.675,,615250.0,-102.376584424283,-58.7016555963023
pigBarnBig,animal,PIG_BLACK_PIED,"MAIZE, BEETROOT, BARLEY, CANOLA",-6009.675,,615250.0,-102.376584424283,-58.7016555963023
pigBarnBig,animal,PIG_LANDRACE,"MAIZE, BEETROOT, BARLEY, CANOLA",-6009.675,,615250.0,-102.376584424283,-58.7016555963023
specialCowStable,animal,COW_ANGUS,SILAGE,-6557.04,,501900.0,-76.5436843453754,-85.664023832636
specialCowStable,animal,COW_LIMOUSIN,SILAGE,-6557.04,,501900.0,-76.5436843453754,-85.664023832636
cannedPackagedFactoryUS,mapUS,preservedFoodRiceBags,,-10636.8,0,330000.0,-31.0243682310469,-342.853073454546
preservedFoodFactoryPlaceable,mapEU,preservedFoodRiceBags,,-10636.8,0,330000.0,-31.0243682310469,-342.853073454546
tailorShop,productionPointsSmall,clothes,,0.0,1,36000.0,,
